distribuidora,data_referencia,dec,fec,tarifa_media
Distribuidora_1,2020-01-31,10.618101782710436,14.457857370509078,1.0123957592679835
Distribuidora_1,2020-02-29,13.979877262955549,5.716205044866802,0.6091961642353418
Distribuidora_1,2020-03-31,5.871254182522992,13.527937603524286,0.9207805082202462
Distribuidora_1,2020-04-30,15.621088666940683,4.226429437253827,1.178936896513396
Distribuidora_1,2020-05-31,17.48663961200633,6.3357302174610375,0.6272774770449704
Distribuidora_1,2020-06-30,7.7510676478015075,7.346664672554915,0.8673295021425664
Distribuidora_1,2020-07-31,11.479175279631736,7.203520542178461,0.9282970263056656
Distribuidora_1,2020-08-31,7.092407909780627,7.2135911338874,0.7564532903055842
Distribuidora_1,2020-09-30,11.841049763255539,12.63693557532315,0.6397716475108518
Distribuidora_1,2020-10-31,12.713516576204174,10.516560257482467,0.5325152889039984
Distribuidora_1,2020-11-30,14.113172778521575,5.875765360560207,0.5455361150896957
Distribuidora_1,2020-12-31,19.233283058799998,14.621952363820153,1.0658781436815228
Distribuidora_1,2021-01-31,9.56920653760056,5.074393254070222,0.9789631185585098
Distribuidora_1,2021-02-28,11.60228740609402,5.342420583292567,0.8466238370778891
Distribuidora_1,2021-03-31,5.515827816728276,14.002524422866603,0.6811459871200118
Distribuidora_1,2021-04-30,14.93783426530973,7.42882183698352,0.8640476148244676
Distribuidora_1,2021-05-31,13.200654190149194,6.033399010780798,1.1787092394351908
Distribuidora_1,2021-06-30,16.626992350416717,14.33448835720608,1.1263791452993541
Distribuidora_1,2021-07-31,13.968499682166277,14.140616585254286,0.5619447514363436
Distribuidora_1,2021-08-31,7.939742936287178,4.497500178015919,0.727731231534285
Distribuidora_1,2021-09-30,10.830159345342231,6.984839349512855,1.0801162564063505
Distribuidora_1,2021-10-31,10.35129990040384,7.090279606561189,0.879887258210774
Distribuidora_1,2021-11-30,7.11386337462144,12.824166788294436,0.5521854505758396
Distribuidora_1,2021-12-31,19.80330404900776,12.494692462263231,0.6391009770739207
Distribuidora_1,2022-01-31,4.828690169011334,12.321571927353016,0.994800140693332
Distribuidora_1,2022-02-28,15.138352144584069,11.859775122868133,0.5518312562138632
Distribuidora_1,2022-03-31,9.858136631755885,5.010831672037606,1.1041723981129155
Distribuidora_1,2022-04-30,13.6319983072927,7.257884359710184,0.5444908452002165
Distribuidora_1,2022-05-31,9.181498084448185,7.198165715179506,1.0107243248366449
Distribuidora_1,2022-06-30,13.835193966811786,13.071373159922612,0.8305504476133645
Distribuidora_1,2022-07-31,6.454218004620799,11.253408026480297,1.032549534031828
Distribuidora_1,2022-08-31,12.748200065365321,11.856607030525161,0.8456569174550734
Distribuidora_1,2022-09-30,12.198942818693416,8.267803641846843,0.5177933887208667
Distribuidora_1,2022-10-31,6.287452834654588,4.128434990426372,0.9454872878846463
Distribuidora_1,2022-11-30,9.229572730337654,9.114563722671143,1.135296531748265
Distribuidora_1,2022-12-31,8.302414265371468,8.08850154572233,1.0288857969801342
Distribuidora_1,2023-01-31,8.01037385825562,4.604440057710887,0.7028260170396377
Distribuidora_1,2023-02-28,7.047403343369562,13.515340466979888,1.0656842656950918
Distribuidora_1,2023-03-31,13.776003530273533,12.90676316746165,1.06257045382938
Distribuidora_1,2023-04-30,7.408623339126011,13.127241534220268,0.8775395693409556
Distribuidora_1,2023-05-31,16.25602221108789,13.164154084200504,0.7226024324803046
Distribuidora_1,2023-06-30,6.318239924519394,6.181922448563291,0.7989754520383794
Distribuidora_1,2023-07-31,16.406710414395526,12.79463459502879,0.5048664913718335
Distribuidora_1,2023-08-31,12.02814906173031,8.16194498290474,0.6554754673295111
Distribuidora_1,2023-09-30,6.45808148450498,7.328078541167912,1.1600367927387634
Distribuidora_1,2023-10-31,9.35564178129576,9.221361997218176,0.9921132712266245
Distribuidora_1,2023-11-30,9.931721833904938,13.955122764434039,1.173713106459478
Distribuidora_1,2023-12-31,8.337897715511438,8.996246886575427,0.7106148168717388
Distribuidora_2,2020-01-31,9.272607415662014,4.405756420899861,0.9266950337859278
Distribuidora_2,2020-02-29,12.540185348432923,4.566266263749883,0.695052524965628
Distribuidora_2,2020-03-31,18.623988289499806,6.635180797336696,0.6014264104638561
Distribuidora_2,2020-04-30,12.341791404163445,14.842154995216609,0.6694386900580502
Distribuidora_2,2020-05-31,15.082033211088179,12.377815768615893,0.6663462807946797
Distribuidora_2,2020-06-30,15.923245229177894,8.045614459911786,0.9426140814155056
Distribuidora_2,2020-07-31,14.50294566141342,9.893521524822344,0.5632028390380858
Distribuidora_2,2020-08-31,17.52953743383857,7.528580714689094,0.630562957279898
Distribuidora_2,2020-09-30,5.611627123321458,10.49982237507066,0.9742950532895976
Distribuidora_2,2020-10-31,5.248817433917842,9.633023641292091,0.6585470426385566
Distribuidora_2,2020-11-30,14.677591856141747,5.918030719054906,0.9836564166717261
Distribuidora_2,2020-12-31,10.801030194508062,14.30402987610408,0.5962646609021953
Distribuidora_2,2021-01-31,10.115995265753877,5.2482087336464796,1.147285532794994
Distribuidora_2,2021-02-28,18.160090300714714,6.837357904866712,0.9619888322239253
Distribuidora_2,2021-03-31,17.258333003018237,10.107208927594087,0.8707554048492046
Distribuidora_2,2021-04-30,8.627784363506775,5.024130445864891,1.1280510305673288
Distribuidora_2,2021-05-31,18.506270857449955,10.964116030005947,0.7373208537340905
Distribuidora_2,2021-06-30,10.238143619189913,11.985512467572633,1.1279771819668039
Distribuidora_2,2021-07-31,18.30629636397676,12.578631004433863,0.9494221523080014
Distribuidora_2,2021-08-31,6.262099474925733,5.777915855040751,1.1289879319689553
Distribuidora_2,2021-09-30,14.09643589489385,4.101167567782926,0.5710300800062225
Distribuidora_2,2021-10-31,14.952526536620837,4.055677422308405,0.612565635992249
Distribuidora_2,2021-11-30,13.231006840498791,11.610847174619625,0.9563728816518203
Distribuidora_2,2021-12-31,8.364039641908397,11.833971434822894,0.66607436124776
Distribuidora_2,2022-01-31,9.386945698769564,11.600835183483351,0.9547430293330502
Distribuidora_2,2022-02-28,16.851433599542034,10.672054724538587,0.8978160223348302
Distribuidora_2,2022-03-31,6.084865441550317,7.64263014197108,0.6856416573772078
Distribuidora_2,2022-04-30,8.22685241815194,13.967960297163055,0.7751684072667322
Distribuidora_2,2022-05-31,17.461663411273864,10.395398641671397,1.0563679124791538
Distribuidora_2,2022-06-30,11.912578576748988,9.828645594345453,0.8447623856732047
Distribuidora_2,2022-07-31,7.5322125761221335,11.34962460448273,0.6965406537085991
Distribuidora_2,2022-08-31,5.096502521648217,10.545185492229903,0.6239774755849342
Distribuidora_2,2022-09-30,18.151534827029028,13.768553629677037,1.140405073154314
Distribuidora_2,2022-10-31,10.024761478640082,3.9615216427266646,1.1498229938114077
Distribuidora_2,2022-11-30,10.85162411352173,13.901542859006346,1.174533983962477
Distribuidora_2,2022-12-31,16.90538474040988,6.87699092212717,0.7695684100213477
Distribuidora_2,2023-01-31,16.878697569115207,7.111834953883101,0.6186449226802647
Distribuidora_2,2023-02-28,12.68441799003149,13.58281738998016,0.987220857672481
Distribuidora_2,2023-03-31,12.87337167377345,4.81549435990453,0.9305050586894188
Distribuidora_2,2023-04-30,18.85826736398575,5.263877959221675,0.8628307566546156
Distribuidora_2,2023-05-31,17.252566274973365,11.541032055531437,0.9879110186966875
Distribuidora_2,2023-06-30,14.760398196816306,7.556682530246441,0.7055142909851453
Distribuidora_2,2023-07-31,16.28339646556882,12.265684974397438,1.1069506230060724
Distribuidora_2,2023-08-31,17.763677873929712,9.143528068096801,0.8510614062810398
Distribuidora_2,2023-09-30,16.125706300276544,10.592123076627646,0.9913768140803922
Distribuidora_2,2023-10-31,16.09004553946444,13.100555821993566,0.736596609796075
Distribuidora_2,2023-11-30,10.102057075119202,4.78211127133708,0.9047960986973218
Distribuidora_2,2023-12-31,5.262177401603575,8.665499289484208,0.8798512442953036
Distribuidora_3,2020-01-31,9.298118781924266,10.49916586625912,0.5213501749573346
Distribuidora_3,2020-02-29,5.5602228312382165,13.04860616725624,0.752133448987884
Distribuidora_3,2020-03-31,6.905907689778272,9.744675860602849,1.0389954871690277
Distribuidora_3,2020-04-30,8.237315412452649,10.851795234009003,0.5597432254956376
Distribuidora_3,2020-05-31,5.775225817529115,9.844900947249627,0.8784445851270746
Distribuidora_3,2020-06-30,14.561448522473098,11.987004670949277,1.1830964556237742
Distribuidora_3,2020-07-31,12.74450522451793,7.552521202353706,1.0566303363380927
Distribuidora_3,2020-08-31,9.062483768931113,8.828685627761997,0.5549194669395862
Distribuidora_3,2020-09-30,5.3802611512318625,14.589132561457175,1.085186084358544
Distribuidora_3,2020-10-31,15.43961309140547,8.498482388556969,0.621306024049592
Distribuidora_3,2020-11-30,7.34655564006629,6.752671879810549,0.8844586652942843
Distribuidora_3,2020-12-31,15.718938840500934,11.262171143895044,0.6959537278621599
Distribuidora_3,2021-01-31,19.32297920994791,12.116866083653454,0.8880478367579805
Distribuidora_3,2021-02-28,14.175811193515283,8.61560068670569,0.6734116926508102
Distribuidora_3,2021-03-31,10.339590179768923,12.33630721510806,0.5100754420408291
Distribuidora_3,2021-04-30,6.741089607603744,4.50602906223928,0.5285101616232791
Distribuidora_3,2021-05-31,17.831908760165106,11.74023645318026,0.8319216803611276
Distribuidora_3,2021-06-30,6.467512409765022,9.407774626285157,0.8314302395463959
Distribuidora_3,2021-07-31,7.598028048650228,8.772368141617704,0.7789533140781614
Distribuidora_3,2021-08-31,14.237751470783246,10.986030159544082,0.5317128068404312
Distribuidora_3,2021-09-30,10.619189219397068,10.8844590728566,0.8521953810060614
Distribuidora_3,2021-10-31,17.847347617824834,11.245629947808396,0.6140540989570008
Distribuidora_3,2021-11-30,6.058531211006448,11.066612060269472,0.5185579173791353
Distribuidora_3,2021-12-31,13.78663371910195,14.342532655674534,0.9028319245131152
Distribuidora_3,2022-01-31,10.281421448442936,10.52236188272259,0.8207770233440617
Distribuidora_3,2022-02-28,12.525039247752073,13.638307251714687,0.770271846460542
Distribuidora_3,2022-03-31,18.446965534490776,13.260914208440866,0.6370537943525075
Distribuidora_3,2022-04-30,5.738398537471108,4.853130114394109,0.5127552779560848
Distribuidora_3,2022-05-31,6.095812190771979,10.93742078220093,0.5498320539221603
Distribuidora_3,2022-06-30,9.295402731686098,12.628946999630799,0.5162903550150781
Distribuidora_3,2022-07-31,16.356175876892333,6.745382396382029,0.5827153793351594
Distribuidora_3,2022-08-31,14.678504606439144,10.372452748849788,1.114230409468937
Distribuidora_3,2022-09-30,15.22476237420537,12.196375722521667,0.6974242007999145
Distribuidora_3,2022-10-31,7.27851349886105,11.64392415464697,1.0647843174870848
Distribuidora_3,2022-11-30,18.864698273509592,8.111854723724406,0.7604126600549482
Distribuidora_3,2022-12-31,15.813884690573456,7.361396995644037,1.1515301279224954
Distribuidora_3,2023-01-31,16.982381713762916,8.282987586068941,1.0256097474540482
Distribuidora_3,2023-02-28,15.502235955706722,4.877644429335495,1.1317870346756966
Distribuidora_3,2023-03-31,11.949846307381963,12.4364805208259,0.7240347207214282
Distribuidora_3,2023-04-30,17.511206006070854,7.867157542772004,0.5075863560362088
Distribuidora_3,2023-05-31,17.651693163974507,4.753945772415096,0.7235195463132904
Distribuidora_3,2023-06-30,18.28838303047397,13.73384468549746,0.9014065216863003
Distribuidora_3,2023-07-31,13.75368027341964,8.486255704673441,0.7052475401886451
Distribuidora_3,2023-08-31,9.433469771521303,10.827817866005052,1.026662170606376
Distribuidora_3,2023-09-30,16.030001373093338,12.051509592203088,0.5638442721340833
Distribuidora_3,2023-10-31,11.795489342011786,4.4014890421739326,0.8846702176266148
Distribuidora_3,2023-11-30,11.041809644570622,13.076508709824232,0.745640508786455
Distribuidora_3,2023-12-31,6.418204984093383,5.294263077452134,1.0330574422022305
Distribuidora_4,2020-01-31,14.273270949743916,5.112349437350693,0.5588747642804982
Distribuidora_4,2020-02-29,15.5145369718868,4.800393070006129,1.0753020415032493
Distribuidora_4,2020-03-31,15.593633407347443,4.894836587060897,0.5593863998596343
Distribuidora_4,2020-04-30,19.79959367751763,8.116978753317323,0.7594495029468236
Distribuidora_4,2020-05-31,17.191993508862538,14.419734351222445,1.1902007446760097
Distribuidora_4,2020-06-30,16.300672778884124,8.138855440840073,0.5584505016890682
Distribuidora_4,2020-07-31,16.65720373891155,10.142446747093857,0.7969554064728834
Distribuidora_4,2020-08-31,18.59531577642104,5.223172305367665,0.8448375730036014
Distribuidora_4,2020-09-30,5.170304671511286,9.155267061935389,0.5394122929772861
Distribuidora_4,2020-10-31,6.782268744021079,5.292788714548154,0.9544472114812445
Distribuidora_4,2020-11-30,16.19067318898135,10.417056416068757,1.1735207839321793
Distribuidora_4,2020-12-31,10.623058692855562,7.142832949100468,1.1080193897326223
Distribuidora_4,2021-01-31,8.35393757779179,14.595447933846724,0.5085081322828714
Distribuidora_4,2021-02-28,19.548182400614586,4.474759031456337,1.1238001795886499
Distribuidora_4,2021-03-31,12.915516636294498,14.922612757312304,0.5516575953147792
Distribuidora_4,2021-04-30,13.307814266019811,14.662327891810088,0.8661684909191041
Distribuidora_4,2021-05-31,14.440979572028938,11.653235578830788,0.8181787453374412
Distribuidora_4,2021-06-30,14.41337120126095,10.427457431154103,1.130810607343692
Distribuidora_4,2021-07-31,5.681695705121868,7.090595085514534,1.1652880388535911
Distribuidora_4,2021-08-31,18.353956758363744,9.012224280642842,0.9340928184610757
Distribuidora_4,2021-09-30,9.16071774471699,6.069332756961375,0.8245888834579875
Distribuidora_4,2021-10-31,10.300283420390793,10.420217230359594,0.5544142458754894
Distribuidora_4,2021-11-30,19.615922114992497,14.848318189275632,0.9887131998138216
Distribuidora_4,2021-12-31,13.041445495161806,7.404803779149605,1.0696565137948641
Distribuidora_4,2022-01-31,14.50741920889278,5.499347016154114,1.1376490291456895
Distribuidora_4,2022-02-28,16.471155711655157,13.725409093900605,1.008003655871852
Distribuidora_4,2022-03-31,13.491166542085004,8.170639729236967,1.1529099383478092
Distribuidora_4,2022-04-30,17.09141042538082,4.272535102609679,0.5184568821480764
Distribuidora_4,2022-05-31,10.114602978012206,12.270282306670152,1.191093290520461
Distribuidora_4,2022-06-30,6.893440698225276,10.008665975429812,0.766623599641715
Distribuidora_4,2022-07-31,18.57128016885809,12.600142746768155,1.0868300932977966
Distribuidora_4,2022-08-31,11.428877527078326,8.1348637994286,0.6913849503514944
Distribuidora_4,2022-09-30,5.553350827275711,12.836348831865307,1.0690307063910542
Distribuidora_4,2022-10-31,18.99597684432736,14.21485494742231,0.8888021939218391
Distribuidora_4,2022-11-30,15.708070666322273,13.672801877271374,1.094753173474188
Distribuidora_4,2022-12-31,8.274710449840565,8.508186213990477,0.5904115906060465
Distribuidora_4,2023-01-31,18.34522713843679,10.134524930011695,0.6600499638524239
Distribuidora_4,2023-02-28,14.321734752783458,10.259440112785011,0.7507139026229883
Distribuidora_4,2023-03-31,6.368195688844713,10.817939893944756,0.8642153906326553
Distribuidora_4,2023-04-30,15.75553708223286,9.235708586620332,1.096527050222978
Distribuidora_4,2023-05-31,12.61467245253642,9.661801802544785,1.1136575218608415
Distribuidora_4,2023-06-30,10.499630843526658,5.2004591373091955,0.5201478734193373
Distribuidora_4,2023-07-31,15.510705893349071,10.282234811643704,0.9928558376694565
Distribuidora_4,2023-08-31,7.784739301501977,5.225081919881744,0.5101812659675173
Distribuidora_4,2023-09-30,9.745872712994007,9.964639827630915,0.7745708315698125
Distribuidora_4,2023-10-31,10.98401763883814,13.24845835745967,0.7437788269163103
Distribuidora_4,2023-11-30,12.074350220527304,11.989173983144944,0.777579947624889
Distribuidora_4,2023-12-31,13.614735478247196,12.811700756403487,1.1646644365603493
Distribuidora_5,2020-01-31,7.206102213935569,14.192463876776438,0.8444814051556767
Distribuidora_5,2020-02-29,8.873665824484375,9.050493318620873,1.1860228026998338
Distribuidora_5,2020-03-31,12.389271409893045,7.616267713162591,0.943380598021708
Distribuidora_5,2020-04-30,8.602184281672896,4.834496609195303,0.5902158053374544
Distribuidora_5,2020-05-31,6.920687584366586,5.670929628635237,0.5971790208545871
Distribuidora_5,2020-06-30,14.613121172048219,6.000680928390593,0.7419670983267043
Distribuidora_5,2020-07-31,18.45182614859018,9.213578042891596,0.967290416964719
Distribuidora_5,2020-08-31,7.584798068024448,6.1151792068953785,0.5286080313865352
Distribuidora_5,2020-09-30,7.534025946082468,7.064493729351545,0.6239073389937227
Distribuidora_5,2020-10-31,6.330538006355834,5.326994582106609,0.822545137622908
Distribuidora_5,2020-11-30,8.095005776086888,8.006968471528829,0.8523920895983998
Distribuidora_5,2020-12-31,15.35592242944048,4.432433538252088,1.0595872792363297
Distribuidora_5,2021-01-31,14.418505842363617,4.899349351437591,1.111505036874744
Distribuidora_5,2021-02-28,18.813086007977198,4.671857558403501,0.6938143537030426
Distribuidora_5,2021-03-31,17.09301919689592,12.230856594220242,0.6291647135494641
Distribuidora_5,2021-04-30,8.140239850050655,8.075193130705202,0.839166089633715
Distribuidora_5,2021-05-31,14.27382157295444,8.058050035267495,0.8237743012932035
Distribuidora_5,2021-06-30,16.21206407200635,4.403515231796577,0.6767058610408145
Distribuidora_5,2021-07-31,15.700243788268287,13.847275214559193,0.8581742094809663
Distribuidora_5,2021-08-31,12.981702278979736,5.178892124737537,0.8131886567764182
Distribuidora_5,2021-09-30,12.989258996825347,6.6671755399820265,0.6884702616645666
Distribuidora_5,2021-10-31,10.65926244656934,4.22078317555499,0.7254554159082248
Distribuidora_5,2021-11-30,8.17172010494817,7.602470873957062,0.5838334922734758
Distribuidora_5,2021-12-31,18.357909211098423,10.529516989094535,0.9753716234011427
Distribuidora_5,2022-01-31,15.995690150154571,9.008720978808647,0.5608442016611965
Distribuidora_5,2022-02-28,12.403768220914307,9.932489683318186,1.021807631929031
Distribuidora_5,2022-03-31,10.90114853377293,5.133214164213641,0.698643134059107
Distribuidora_5,2022-04-30,9.923922723680551,10.549835171915232,0.8995448132682383
Distribuidora_5,2022-05-31,9.824378344044309,14.109084349886636,0.924042373549821
Distribuidora_5,2022-06-30,8.13048178223792,4.863626838883219,0.6070013974290325
Distribuidora_5,2022-07-31,8.25489762947924,5.479120350562357,0.630596916835914
Distribuidora_5,2022-08-31,8.81260615388732,5.611754070830188,1.1277357972384976
Distribuidora_5,2022-09-30,5.893330875678401,9.281144021009162,0.787277778892763
Distribuidora_5,2022-10-31,18.748895290947637,4.970806527656147,0.7784989193320191
Distribuidora_5,2022-11-30,18.564953674174003,12.844549465592094,1.071950449664496
Distribuidora_5,2022-12-31,8.425115285390394,5.585775288226187,0.9680502539471016
Distribuidora_5,2023-01-31,17.993607845068098,9.618172231995567,0.9001288826289299
Distribuidora_5,2023-02-28,8.739702084659049,11.84120115185574,0.6309306239902663
Distribuidora_5,2023-03-31,9.362429118760472,8.245810783541556,0.8553272650791185
Distribuidora_5,2023-04-30,8.204338686914893,5.000044818524676,0.9274340297091428
Distribuidora_5,2023-05-31,8.862985383673644,9.873939413866298,0.6080539006919417
Distribuidora_5,2023-06-30,11.606246451431149,9.365559570164072,0.5362764757756988
Distribuidora_5,2023-07-31,9.546610964263367,5.204633374012281,0.5443624793309374
Distribuidora_5,2023-08-31,18.85693331155672,7.168597679985855,1.0669121120982443
Distribuidora_5,2023-09-30,8.378629330383635,10.921703447240061,1.0321595019227805
Distribuidora_5,2023-10-31,13.237852053661781,8.727971170349154,0.788288639903088
Distribuidora_5,2023-11-30,9.721372798237683,13.513579557389779,1.0814335854514103
Distribuidora_5,2023-12-31,18.501633476997803,5.098905985423943,1.011607232642551
Distribuidora_6,2020-01-31,19.075106852315567,5.993563727822261,0.5465473871567442
Distribuidora_6,2020-02-29,16.116809739350884,10.31920424497903,1.0892801437307904
Distribuidora_6,2020-03-31,7.096585649394342,12.747940430458792,0.6411391240334212
Distribuidora_6,2020-04-30,7.454839142985568,5.806923777240923,1.0702023041619675
Distribuidora_6,2020-05-31,14.977958310443002,9.753719672460313,0.7511813388864517
Distribuidora_6,2020-06-30,18.158008112196626,8.316896181648989,1.0716196076301039
Distribuidora_6,2020-07-31,11.587023628553276,8.146388723673983,0.8238758499687244
Distribuidora_6,2020-08-31,9.52066811246213,12.223703181938763,0.8519042730647354
Distribuidora_6,2020-09-30,8.48319042720226,13.895320306020253,0.768723854961248
Distribuidora_6,2020-10-31,13.153292916709828,13.971193220610017,0.9369665971397945
Distribuidora_6,2020-11-30,6.753470610625461,14.338153359748226,0.9393956371499925
Distribuidora_6,2020-12-31,10.023584219856293,5.53199279929726,1.055817632489207
Distribuidora_6,2021-01-31,14.301091338927703,9.868072011739537,1.1257248081356703
Distribuidora_6,2021-02-28,16.82895816836796,5.668423677060263,0.7182054474568837
Distribuidora_6,2021-03-31,8.727337097216985,12.183409218299447,0.5234727043150456
Distribuidora_6,2021-04-30,13.548345273069748,12.387045543147597,1.1137359457332245
Distribuidora_6,2021-05-31,10.131226230738612,13.033830351392142,0.5774422158686451
Distribuidora_6,2021-06-30,17.696784376017774,5.402375285651806,0.7781011033922571
Distribuidora_6,2021-07-31,16.959430486693304,5.649091700836512,0.660475976662849
Distribuidora_6,2021-08-31,15.833788525895994,11.920401902006818,0.948803343019708
Distribuidora_6,2021-09-30,15.4092266670065,9.969968876823557,0.676259341234867
Distribuidora_6,2021-10-31,10.185439902558791,5.997574884815682,1.1359153929335397
Distribuidora_6,2021-11-30,13.750876921491807,8.409365584400039,0.8234040625508929
Distribuidora_6,2021-12-31,19.20925009417723,5.686865434276882,0.910360882411758
Distribuidora_6,2022-01-31,11.95891367410364,10.189696760292069,0.5126771286745884
Distribuidora_6,2022-02-28,17.17776570245416,13.540636051953749,0.8955932285124462
Distribuidora_6,2022-03-31,14.677274240245714,13.440118533302739,0.995067044019379
Distribuidora_6,2022-04-30,6.9236813615282236,9.822213363743197,0.9247005324679991
Distribuidora_6,2022-05-31,10.793862066059,11.495842262278353,1.1540569103383103
Distribuidora_6,2022-06-30,17.93935130892156,8.51127143117318,0.5792666320885287
Distribuidora_6,2022-07-31,18.78398708521327,12.566485003360011,0.5872638768422868
Distribuidora_6,2022-08-31,17.871996827297554,12.89041698354924,0.8631866399882504
Distribuidora_6,2022-09-30,13.17567495936524,7.969578255442861,0.5383331471754219
Distribuidora_6,2022-10-31,9.526560693454089,12.18981853784922,0.503242416103222
Distribuidora_6,2022-11-30,9.502363196598804,7.960862848025357,0.8761769220565461
Distribuidora_6,2022-12-31,17.857942533881836,7.419315641124294,0.7428672413273594
Distribuidora_6,2023-01-31,15.259392785563916,8.525677482298484,0.6572233760579873
Distribuidora_6,2023-02-28,11.19726310489088,5.271955862968908,0.6234708905543563
Distribuidora_6,2023-03-31,11.851740761537586,8.177770947322525,1.1403921307476699
Distribuidora_6,2023-04-30,9.914113062412023,9.867148260405553,0.9425850015436712
Distribuidora_6,2023-05-31,4.936596006383754,10.733965537574624,0.624625176808826
Distribuidora_6,2023-06-30,18.445252023939737,5.3535255050200306,0.7902368866089167
Distribuidora_6,2023-07-31,5.9662327701206745,14.21733593179015,0.8515365072318698
Distribuidora_6,2023-08-31,13.234236496810622,4.500949188709067,1.0249723292794244
Distribuidora_6,2023-09-30,7.741154701612096,13.184667324655459,0.643597748337405
Distribuidora_6,2023-10-31,7.467300019457249,4.181944029012592,0.8304468615769994
Distribuidora_6,2023-11-30,12.798986148992283,4.486655282026281,1.0428693316865074
Distribuidora_6,2023-12-31,11.209365895159394,9.279878314473212,0.8085339228567596
Distribuidora_7,2020-01-31,11.01144591312989,10.156043644390397,0.6086681721514987
Distribuidora_7,2020-02-29,7.728921957429067,13.47964183114869,1.162280823493543
Distribuidora_7,2020-03-31,10.599639744196294,6.978191404579091,0.950799680267311
Distribuidora_7,2020-04-30,11.131012566471446,4.2792499122637935,0.6093068181563333
Distribuidora_7,2020-05-31,15.739583432710964,11.248163361011665,0.5189671947524385
Distribuidora_7,2020-06-30,8.329582428994241,6.541822762468785,0.9703249205191098
Distribuidora_7,2020-07-31,5.295658066315462,5.145194401830312,1.0599412597612325
Distribuidora_7,2020-08-31,7.678169930815004,11.180207186370621,0.6667279467327085
Distribuidora_7,2020-09-30,6.491620891390177,6.6748941009939955,1.0055868522989613
Distribuidora_7,2020-10-31,17.835447021594284,13.132418510236908,0.7780284707329184
Distribuidora_7,2020-11-30,15.021277048559693,6.2548272495740305,0.7052034111827092
Distribuidora_7,2020-12-31,18.445037277816795,4.1430211586180965,0.5598559715981276
Distribuidora_7,2021-01-31,8.11829382719041,4.2918542426120165,0.6270048045628581
Distribuidora_7,2021-02-28,13.745623414545383,8.635670056517476,1.1248701977538822
Distribuidora_7,2021-03-31,17.261653426076613,7.759990868676636,0.6815964034019047
Distribuidora_7,2021-04-30,10.695386122509003,10.493244367662886,0.6876445485760134
Distribuidora_7,2021-05-31,14.36223361773701,8.503528174103645,0.8864330265963861
Distribuidora_7,2021-06-30,11.54189793702975,7.2391233549610945,1.1639173148735096
Distribuidora_7,2021-07-31,16.454086912396413,5.541244933430978,1.107927583128539
Distribuidora_7,2021-08-31,12.311467973742705,13.840074495835006,1.0598986791631206
Distribuidora_7,2021-09-30,11.378202567038501,4.247162391521291,0.6880741515694623
Distribuidora_7,2021-10-31,13.124513219913004,10.96826041808762,0.6805213798032416
Distribuidora_7,2021-11-30,7.090341111092362,13.18423260479229,1.1890815264924863
Distribuidora_7,2021-12-31,12.885352734540287,5.888472144331338,0.6906151285635582
Distribuidora_7,2022-01-31,5.012067140801401,13.354422528557214,0.5824257580230988
Distribuidora_7,2022-02-28,12.965359776078113,6.6638770561813025,0.8879246017610554
Distribuidora_7,2022-03-31,14.032740534014064,12.470801848740257,0.6444948902324222
Distribuidora_7,2022-04-30,4.906690558383346,5.230454834219036,1.1300130492936735
Distribuidora_7,2022-05-31,17.20293360526584,10.04296691767972,0.9203618023035574
Distribuidora_7,2022-06-30,14.22677261228414,5.632629861615047,1.1400883621474718
Distribuidora_7,2022-07-31,10.717479979712042,7.8037976202072485,0.8632423936979863
Distribuidora_7,2022-08-31,5.419265026544535,5.537661203501029,1.0166235314984593
Distribuidora_7,2022-09-30,5.929881017933052,10.102939543923755,0.6717443767769247
Distribuidora_7,2022-10-31,10.297462500098165,6.8168495492538135,0.7489709015254644
Distribuidora_7,2022-11-30,14.996404148875499,6.904921928262178,0.896483248207828
Distribuidora_7,2022-12-31,11.53371823133717,10.735363678039672,1.1557808175273305
Distribuidora_7,2023-01-31,15.189152385246066,6.046126956273408,0.5218281945428993
Distribuidora_7,2023-02-28,8.487262631272507,10.018564375817663,0.5359980694389752
Distribuidora_7,2023-03-31,11.823219022617618,10.037007771181493,0.7339707235718725
Distribuidora_7,2023-04-30,15.735498903377962,4.913951745247916,0.5525964472150662
Distribuidora_7,2023-05-31,15.126689775901346,8.977884254354773,0.9818816774994152
Distribuidora_7,2023-06-30,10.946289575103384,6.3749012473486655,1.0733716223719396
Distribuidora_7,2023-07-31,16.14167627530795,11.059578120428759,0.6905015960609739
Distribuidora_7,2023-08-31,13.160787002884492,7.57217722302328,0.5641074513286439
Distribuidora_7,2023-09-30,17.821718450336956,5.229754693103146,1.1651661476745616
Distribuidora_7,2023-10-31,11.10558226465087,5.734639106363575,0.8793306631648508
Distribuidora_7,2023-11-30,17.189478161238817,11.451750062979913,1.0645928035030148
Distribuidora_7,2023-12-31,14.137662975627723,11.034290099211557,1.0944369560957234
Distribuidora_8,2020-01-31,8.745020132887788,9.383674600074546,0.6548466092737215
Distribuidora_8,2020-02-29,19.815020119949708,14.384652736552745,0.5275987679579541
Distribuidora_8,2020-03-31,15.583627587735327,14.177731491572324,0.6264027415891334
Distribuidora_8,2020-04-30,13.519178458289442,14.07037127346846,0.5237621850100592
Distribuidora_8,2020-05-31,15.461304008702598,7.2708390810980585,1.1470773367635712
Distribuidora_8,2020-06-30,19.565873677480518,14.386931380247773,0.8319499516602247
Distribuidora_8,2020-07-31,17.930639764839704,13.290043383885774,0.7233703312702789
Distribuidora_8,2020-08-31,17.43373211226016,4.407083981870419,0.9173889149374371
Distribuidora_8,2020-09-30,8.450132559315545,5.3262357435500665,0.5538672411404464
Distribuidora_8,2020-10-31,15.444331638172097,7.738624601448727,1.007336740070133
Distribuidora_8,2020-11-30,5.9803451119841355,7.468193716136714,0.877643904662736
Distribuidora_8,2020-12-31,16.860847472584453,7.506277532252769,0.9381239635059063
Distribuidora_8,2021-01-31,18.28966622354281,10.77449507000535,0.6630716323275436
Distribuidora_8,2021-02-28,5.366011723348071,13.57108761291023,0.514888587595271
Distribuidora_8,2021-03-31,18.12052509026299,9.818308474299332,1.1573473889590273
Distribuidora_8,2021-04-30,16.981748536604982,14.977275215866712,0.7454982708161971
Distribuidora_8,2021-05-31,16.5078243339669,8.421240049701664,0.8359129342127362
Distribuidora_8,2021-06-30,14.412581948275552,13.610448256049727,1.1888584284395065
Distribuidora_8,2021-07-31,16.524101207967774,8.595434603840673,0.7949499015939492
Distribuidora_8,2021-08-31,16.06373452383337,6.626548603451326,0.5773318791919763
Distribuidora_8,2021-09-30,10.319332364611647,7.1596289081948985,0.707415684319193
Distribuidora_8,2021-10-31,8.50411626574865,4.4630250859999805,0.5125117543133897
Distribuidora_8,2021-11-30,19.81583584604047,8.705504471094486,0.7690286530117771
Distribuidora_8,2021-12-31,15.194709240396048,6.400792766515706,1.1649728287651577
Distribuidora_8,2022-01-31,15.955416455421618,4.734344974163112,0.7923065430494498
Distribuidora_8,2022-02-28,17.277435882760845,13.672449632945236,0.8271810578749088
Distribuidora_8,2022-03-31,13.491112296252584,5.545504736662186,1.1938180382958836
Distribuidora_8,2022-04-30,8.05132174471407,13.651547039712062,0.9547526542946578
Distribuidora_8,2022-05-31,13.410249327023742,9.157594940122513,0.661468868202431
Distribuidora_8,2022-06-30,7.265524456078492,6.104080884783332,0.6305067835009781
Distribuidora_8,2022-07-31,15.859078748326235,7.458808958292329,0.5404898735943775
Distribuidora_8,2022-08-31,18.559712479506562,13.035562497867797,1.1494265982366492
Distribuidora_8,2022-09-30,18.9274364727117,5.617205354343642,0.7773694132318612
Distribuidora_8,2022-10-31,15.5548982787833,11.073415458662128,0.6077271344378985
Distribuidora_8,2022-11-30,16.375622031116304,6.145403975693103,0.6566723303758362
Distribuidora_8,2022-12-31,12.401885526231142,9.996222319095796,0.9060603454864677
Distribuidora_8,2023-01-31,6.053687432918007,12.969466014487475,0.6859200298120942
Distribuidora_8,2023-02-28,6.595587628279959,13.087417434630812,1.1689560487608275
Distribuidora_8,2023-03-31,17.03531854603267,12.259442980874976,0.9586693864473153
Distribuidora_8,2023-04-30,12.599717531180236,4.709011641074236,0.785917249149489
Distribuidora_8,2023-05-31,10.060811367425474,6.514427040295408,1.0063940795820094
Distribuidora_8,2023-06-30,11.816229224872483,4.646932956234921,0.6541282413648679
Distribuidora_8,2023-07-31,14.48643738214924,4.595567481673637,1.095844839834138
Distribuidora_8,2023-08-31,11.805838009949134,8.822129733063472,0.9146854492616623
Distribuidora_8,2023-09-30,16.501703764433376,7.4346062225779175,0.9746113067913444
Distribuidora_8,2023-10-31,12.811680486940022,6.590445423270453,1.1150409904486107
Distribuidora_8,2023-11-30,16.113320807898727,10.680821672180544,1.0954072103659693
Distribuidora_8,2023-12-31,17.10894236367718,11.202393106672112,1.0859093298545703
Distribuidora_9,2020-01-31,15.462071925039254,11.481548489363306,0.933027964750629
Distribuidora_9,2020-02-29,16.290749593364616,5.744656158223811,1.11660953143925
Distribuidora_9,2020-03-31,18.07765291617848,4.321720113380151,1.0780717253953338
Distribuidora_9,2020-04-30,6.933048012101678,7.686307396850561,1.0204557794041254
Distribuidora_9,2020-05-31,7.411398440724623,12.997637265309685,1.0824939245704193
Distribuidora_9,2020-06-30,12.612016006412542,4.07024458888517,0.700926693222439
Distribuidora_9,2020-07-31,14.253903775636132,14.793047958301658,0.9422694689116679
Distribuidora_9,2020-08-31,8.897053715962397,10.974062734095725,0.8779897658010989
Distribuidora_9,2020-09-30,16.697680927267154,5.176787027096543,1.0327195317514195
Distribuidora_9,2020-10-31,13.118998680141654,14.59291204244894,0.7393105162270802
Distribuidora_9,2020-11-30,14.489328397009222,14.252309160610192,0.5717568095934755
Distribuidora_9,2020-12-31,19.05842730854677,11.566742945308947,0.5474859413736204
Distribuidora_9,2021-01-31,9.514453504202244,11.789892975098098,0.5471454210281402
Distribuidora_9,2021-02-28,13.732556902644099,7.804713626482524,0.934640862437234
Distribuidora_9,2021-03-31,5.686130507187693,13.58690486767614,1.1814422784241778
Distribuidora_9,2021-04-30,19.53316782928537,12.246170149172173,0.5910603680914424
Distribuidora_9,2021-05-31,16.373947938935338,4.270456081046817,0.5154864860702981
Distribuidora_9,2021-06-30,9.854153287243118,9.375075094451322,1.0392851924654551
Distribuidora_9,2021-07-31,15.249430649097578,8.904929770144232,0.6915386663971661
Distribuidora_9,2021-08-31,19.956867502365668,8.687994324595703,0.8159709170307727
Distribuidora_9,2021-09-30,7.454357317875038,12.742905036249223,0.9855775580470421
Distribuidora_9,2021-10-31,8.311544191831405,4.90619150177427,0.9763495114522991
Distribuidora_9,2021-11-30,14.81766821421703,7.0058547969803024,1.1656044935752872
Distribuidora_9,2021-12-31,7.265868376713503,8.75568281146862,1.1605311441173192
Distribuidora_9,2022-01-31,10.731114266197242,10.472596153089693,0.778316078573956
Distribuidora_9,2022-02-28,8.657566633468548,14.082566421180205,0.7865338044205301
Distribuidora_9,2022-03-31,17.49091365242766,6.20302563156185,0.6491732928175583
Distribuidora_9,2022-04-30,5.193660681104286,10.609918325177999,0.7579684406066327
Distribuidora_9,2022-05-31,17.067105060214825,8.745043524926771,1.177735399540305
Distribuidora_9,2022-06-30,7.393738598769476,12.877112105136131,1.0436177969542193
Distribuidora_9,2022-07-31,15.735636286177742,12.627984733821474,1.0327167936600992
Distribuidora_9,2022-08-31,13.673639583247668,5.171508971780949,0.5227683256438763
Distribuidora_9,2022-09-30,17.872081831373535,10.243995786741714,1.0575761036833233
Distribuidora_9,2022-10-31,11.611693509053838,5.025870574657023,0.5876300545417853
Distribuidora_9,2022-11-30,14.51930534301284,8.296696601699386,0.6403673086902357
Distribuidora_9,2022-12-31,11.755222291065476,4.4709833924351505,0.9073799813400791
Distribuidora_9,2023-01-31,8.583156013200142,12.134492601658616,0.7172533712465017
Distribuidora_9,2023-02-28,11.236887124415667,3.921434642039651,0.5507128214561912
Distribuidora_9,2023-03-31,10.343033178795258,8.81536082279394,0.9200143836835126
Distribuidora_9,2023-04-30,8.90619174660757,11.06256071002237,1.1020856780324433
Distribuidora_9,2023-05-31,15.862876591730236,4.214016724890332,0.8363548630804802
Distribuidora_9,2023-06-30,6.245255042458991,6.329370415763411,1.1906638152870026
Distribuidora_9,2023-07-31,6.780561486346563,9.01338120356667,0.9327090140226834
Distribuidora_9,2023-08-31,14.76012583025348,9.648328742438252,0.5068395931934285
Distribuidora_9,2023-09-30,9.402073642476884,9.210086673370235,0.5615065494013833
Distribuidora_9,2023-10-31,9.746433769730825,4.14697248686978,0.5550049480085145
Distribuidora_9,2023-11-30,10.406156685872743,5.18687962974998,0.8972785937830907
Distribuidora_9,2023-12-31,14.574875810206036,12.166131005689914,0.640105170971367
Distribuidora_10,2020-01-31,7.512238733886046,5.150246243678403,0.9455011746805457
Distribuidora_10,2020-02-29,15.597135897303517,4.347447593082062,1.155348572370583
Distribuidora_10,2020-03-31,5.7795692547720865,9.954259688311776,0.9963423636156414
Distribuidora_10,2020-04-30,18.064536856191282,11.854956253456706,1.0612096581488544
Distribuidora_10,2020-05-31,10.091752888142091,12.963076251211634,0.5560803924692725
Distribuidora_10,2020-06-30,18.422249840907917,10.023516137691098,1.0721084389737454
Distribuidora_10,2020-07-31,11.784774267774502,11.079354647161775,0.8684818626552793
Distribuidora_10,2020-08-31,15.973842826329978,4.897929802336486,0.5422464587933946
Distribuidora_10,2020-09-30,8.706548510152196,5.754991481245072,1.1102484966145412
Distribuidora_10,2020-10-31,8.288209810370665,14.734517814010445,0.7358270542397748
Distribuidora_10,2020-11-30,7.731768735330489,12.686683578567271,0.9610954428506133
Distribuidora_10,2020-12-31,12.472935746797084,10.108999060313945,1.0034412447905847
Distribuidora_10,2021-01-31,8.426821119969482,14.959673076624162,1.1823552135027482
Distribuidora_10,2021-02-28,14.754885295204053,6.194966960220596,0.9761597697019039
Distribuidora_10,2021-03-31,6.082976134687637,4.337177524263867,0.6803780219578496
Distribuidora_10,2021-04-30,11.939344351089744,13.550997559492187,1.0090183488364155
Distribuidora_10,2021-05-31,16.140597817999716,8.680426678928828,0.742154494782874
Distribuidora_10,2021-06-30,10.565581444769041,14.864145201096637,0.5280764339887377
Distribuidora_10,2021-07-31,18.00547244183673,10.365429494296327,0.8070307934327132
Distribuidora_10,2021-08-31,15.878864906227047,9.35335835567173,1.1113962666571624
Distribuidora_10,2021-09-30,18.51052796016888,8.63893019560801,0.6937794580645361
Distribuidora_10,2021-10-31,13.885254928900434,14.0359968017836,0.6474635323039666
Distribuidora_10,2021-11-30,14.344498753452243,10.947162421017726,1.0131791156906966
Distribuidora_10,2021-12-31,6.973515276908897,11.874074611502973,1.1363227644659486
Distribuidora_10,2022-01-31,7.310484301400948,6.282327745454521,1.1799765658291477
Distribuidora_10,2022-02-28,7.328921576110229,12.728324225712102,0.8445944995136243
Distribuidora_10,2022-03-31,8.273042810245274,12.899336468297744,0.8117136785018658
Distribuidora_10,2022-04-30,12.086147293498085,7.553988710227552,0.9150655960044491
Distribuidora_10,2022-05-31,7.080215184336574,7.8868020580108995,1.1785886256347013
Distribuidora_10,2022-06-30,8.428401415991067,10.662898144456504,0.7276330449572864
Distribuidora_10,2022-07-31,15.77199204103406,5.1676297545067555,1.1788747315549812
Distribuidora_10,2022-08-31,11.21650096471686,6.266727341970548,0.5514477231310089
Distribuidora_10,2022-09-30,7.1690501474974555,9.231637762410385,0.7359022235019004
Distribuidora_10,2022-10-31,16.561587963827186,8.302774622265872,0.674099990811341
Distribuidora_10,2022-11-30,13.544316059107427,11.185821916452909,0.6169293355306649
Distribuidora_10,2022-12-31,7.138573832108527,4.183216411455524,1.0154814105459482
Distribuidora_10,2023-01-31,14.209214518610722,8.759892651585556,1.090919314278438
Distribuidora_10,2023-02-28,16.230799679538258,9.916953107946059,1.107789896359281
Distribuidora_10,2023-03-31,7.683237243023948,4.969560022706256,0.6888247280618927
Distribuidora_10,2023-04-30,5.563487699272736,9.350721567610785,1.155623984606473
Distribuidora_10,2023-05-31,5.310645454526262,5.076048601404779,0.8165393197984047
Distribuidora_10,2023-06-30,18.057718999772646,7.1038312970070425,0.8550643660818746
Distribuidora_10,2023-07-31,5.342413241468087,5.350186450053829,1.1906410860711927
Distribuidora_10,2023-08-31,18.50294142421365,3.85162280076458,1.1662682497962673
Distribuidora_10,2023-09-30,13.85745911387088,12.86974617773423,0.8183178989437013
Distribuidora_10,2023-10-31,12.097243407254316,8.908446763684816,0.966804980282273
Distribuidora_10,2023-11-30,6.740030380277458,4.113224014169484,0.7155509591138336
Distribuidora_10,2023-12-31,14.791700868997214,5.909368574684811,0.9714027033274422
Distribuidora_11,2020-01-31,19.548680691609057,5.032907873683602,0.9708214827575883
Distribuidora_11,2020-02-29,11.656253289568568,13.54956479815256,0.6240048526131701
Distribuidora_11,2020-03-31,15.389389283392468,13.219268186129213,1.1612299536318162
Distribuidora_11,2020-04-30,15.248720424344688,9.468922404092702,0.9324930681408496
Distribuidora_11,2020-05-31,18.033574767180774,10.276707213027127,0.5212709417877858
Distribuidora_11,2020-06-30,18.964230432604666,11.584794261347174,0.9735593700440726
Distribuidora_11,2020-07-31,8.235127285965758,11.24774017255923,0.7757050839579109
Distribuidora_11,2020-08-31,14.768494655622382,5.172523333387898,0.9604917132221251
Distribuidora_11,2020-09-30,19.991205886559996,4.530332427466116,1.184021928954922
Distribuidora_11,2020-10-31,11.10361941084306,13.57828795370985,1.0476698388407915
Distribuidora_11,2020-11-30,13.505243914800017,12.122941301764591,1.1149608929109434
Distribuidora_11,2020-12-31,11.062104824765495,7.597364777195626,0.9673153698945093
Distribuidora_11,2021-01-31,17.11768912911888,12.385136482542773,1.058469554201044
Distribuidora_11,2021-02-28,11.533749722193996,12.996176377925238,0.5841463387594259
Distribuidora_11,2021-03-31,13.167336469412744,4.063345265479337,0.7272100809301891
Distribuidora_11,2021-04-30,10.496923023070968,8.35789960770181,0.9868270446829035
Distribuidora_11,2021-05-31,10.828371519055185,8.935629848847837,0.6662808916120292
Distribuidora_11,2021-06-30,10.598776874440102,6.499965899894667,0.5512371466379106
Distribuidora_11,2021-07-31,14.051728900720668,11.350340784105178,0.9336432422067301
Distribuidora_11,2021-08-31,11.952410657008585,8.177643581971527,1.1043335547002777
Distribuidora_11,2021-09-30,12.786226777043272,9.27100065392704,0.517949446064505
Distribuidora_11,2021-10-31,10.118717414392346,8.182151806644427,0.7791759466278303
Distribuidora_11,2021-11-30,13.702585538409984,9.869628013995662,0.9255335649554113
Distribuidora_11,2021-12-31,16.473248923131926,12.942843125877028,1.002686153358546
Distribuidora_11,2022-01-31,18.366212667357818,3.9905304889679787,0.6370445899784822
Distribuidora_11,2022-02-28,4.857770968438524,10.566110762915601,1.1286213842649908
Distribuidora_11,2022-03-31,8.219622726212263,13.487510993121404,0.5421871732026926
Distribuidora_11,2022-04-30,18.06571338197858,7.474457081654179,0.5709945799144516
Distribuidora_11,2022-05-31,11.67367256840514,6.483315132679308,0.6994110313733459
Distribuidora_11,2022-06-30,9.128882000199583,12.19162063235133,0.8774128936726782
Distribuidora_11,2022-07-31,9.186134712973052,10.177988035599096,1.0013054719562353
Distribuidora_11,2022-08-31,8.634892010452855,8.121588110939921,0.5853202653358633
Distribuidora_11,2022-09-30,7.331378230869195,10.91768157393407,0.6270068433869389
Distribuidora_11,2022-10-31,12.233578217255607,11.209533434999422,0.5748138461663207
Distribuidora_11,2022-11-30,12.834199129711875,6.481081089679251,1.1740488126663058
Distribuidora_11,2022-12-31,11.640525465758927,12.222622145150401,0.8851585795093833
Distribuidora_11,2023-01-31,5.368628593181173,10.416431874957533,1.16598233954466
Distribuidora_11,2023-02-28,13.322968437085219,12.360523581009957,1.1189445243438856
Distribuidora_11,2023-03-31,8.000136750272288,6.015868577040968,0.9276866921956941
Distribuidora_11,2023-04-30,10.607155694745543,12.576550614957227,1.1300161863786078
Distribuidora_11,2023-05-31,9.786254655063733,6.275297341283338,1.0463678606707032
Distribuidora_11,2023-06-30,8.66598600656094,12.396319628467939,0.796616777554134
Distribuidora_11,2023-07-31,14.262586064903454,4.798344029572282,0.936701527273601
Distribuidora_11,2023-08-31,11.187689422005514,9.930058440183704,0.6176099454214043
Distribuidora_11,2023-09-30,15.250450865454594,12.816229460326738,0.6517178600635429
Distribuidora_11,2023-10-31,6.113932416162305,4.047023224184215,0.9493800503102862
Distribuidora_11,2023-11-30,13.401090014265126,9.51298796286203,0.6623629672811828
Distribuidora_11,2023-12-31,10.320410441653584,10.012277702695508,0.8477368012014186
Distribuidora_12,2020-01-31,19.81678280322331,5.500837278124065,0.9866011878333156
Distribuidora_12,2020-02-29,11.064781521564381,8.710195764181762,1.0023184359607233
Distribuidora_12,2020-03-31,15.386542269865545,14.903815930724072,0.5898760026178876
Distribuidora_12,2020-04-30,6.561644740762495,11.967726988416153,0.9048708419044864
Distribuidora_12,2020-05-31,9.112409998397087,4.873613058878853,0.5599607747175014
Distribuidora_12,2020-06-30,18.412863119961774,6.1105405719061725,0.7263600934808645
Distribuidora_12,2020-07-31,8.39984603340482,7.90495936415131,0.5485966899222654
Distribuidora_12,2020-08-31,12.785896863624055,4.743738199514364,1.060249555475653
Distribuidora_12,2020-09-30,8.505681228656496,9.940131060649616,1.1160553612930206
Distribuidora_12,2020-10-31,14.763160535707913,9.862535652064688,0.7270336271807629
Distribuidora_12,2020-11-30,9.995028695872968,11.36435650718009,1.1958975528548172
Distribuidora_12,2020-12-31,14.927587847740678,10.135617591070273,1.0114553571674723
Distribuidora_12,2021-01-31,11.978084184255772,4.661565768608638,0.8936077711145368
Distribuidora_12,2021-02-28,19.364379267580702,5.928332365934256,0.983003423574466
Distribuidora_12,2021-03-31,8.014005329885848,9.894104529203894,0.5676735147527037
Distribuidora_12,2021-04-30,11.755564043872777,12.317796617847707,0.7433000669672875
Distribuidora_12,2021-05-31,14.97367586730827,12.749949568687022,1.1490244736356168
Distribuidora_12,2021-06-30,8.519631227831804,8.39247507390239,0.6066912093312922
Distribuidora_12,2021-07-31,19.887252532375626,14.197010647167248,0.8779699911963916
Distribuidora_12,2021-08-31,17.63049941564632,9.730537749992465,0.9365099816019318
Distribuidora_12,2021-09-30,6.336866481740249,12.307974625464887,0.5893994385446644
Distribuidora_12,2021-10-31,17.391014453787925,12.602308964374245,0.9961212884200834
Distribuidora_12,2021-11-30,5.542405707871431,7.334411915398615,0.68417879893759
Distribuidora_12,2021-12-31,10.402046112072785,4.9640702144022235,1.155870476121744
Distribuidora_12,2022-01-31,12.641681930151362,6.992729046376346,0.7778870619519984
Distribuidora_12,2022-02-28,11.122636202193908,10.07621078361845,0.8609755993875484
Distribuidora_12,2022-03-31,17.85133561830545,8.993268396365927,1.1945106103763188
Distribuidora_12,2022-04-30,16.882805647867617,5.978934875034159,1.1514166502507415
Distribuidora_12,2022-05-31,6.4082211698680345,12.342349453732952,0.7664363054336061
Distribuidora_12,2022-06-30,17.26113406634224,12.871192411622856,1.064147780082335
Distribuidora_12,2022-07-31,16.00793371737562,6.983897003574526,0.5566434981358765
Distribuidora_12,2022-08-31,10.49246754740355,5.6133311816090155,0.9864657622317232
Distribuidora_12,2022-09-30,9.681921103163443,13.99512659898611,0.9486804541417324
Distribuidora_12,2022-10-31,16.47034803178964,5.184882830152316,1.1034101375908358
Distribuidora_12,2022-11-30,17.899289964815868,8.88979705165788,0.9243770564256841
Distribuidora_12,2022-12-31,15.648539662867686,5.627063654871311,0.8517962535244097
Distribuidora_12,2023-01-31,10.430948145755462,5.329608218095503,0.757274095604072
Distribuidora_12,2023-02-28,5.7214554087432825,4.069734427622139,0.594616402408376
Distribuidora_12,2023-03-31,18.474390340145728,9.542583650102927,1.176075512807254
Distribuidora_12,2023-04-30,10.913094766204381,7.058478590740962,0.8542993039881708
Distribuidora_12,2023-05-31,11.01304156301897,4.9041959505352235,0.9485784202831443
Distribuidora_12,2023-06-30,7.828544100761794,10.274694128682318,0.9551407646787073
Distribuidora_12,2023-07-31,6.916354157083235,4.441103603306482,1.0465331102479078
Distribuidora_12,2023-08-31,11.30215603871281,4.407811663032222,1.1964064220188368
Distribuidora_12,2023-09-30,5.573372994198224,11.06311814157188,1.1885752476843896
Distribuidora_12,2023-10-31,8.15831648507694,5.2865059027812,0.5849694575957002
Distribuidora_12,2023-11-30,9.071670852838237,4.855928725061258,0.9845129391858922
Distribuidora_12,2023-12-31,5.637658123353393,9.123461239165302,1.1976877976970837
Distribuidora_13,2020-01-31,17.209554042590284,10.767413820541119,0.7143775345506281
Distribuidora_13,2020-02-29,14.358437544374578,9.797456103028168,0.7982583687232601
Distribuidora_13,2020-03-31,6.960655651102992,13.752646367645134,0.8148492541749257
Distribuidora_13,2020-04-30,7.919337677311476,8.045352859650187,0.7898908267702489
Distribuidora_13,2020-05-31,17.413068433503113,12.069758186175422,1.0385134255489379
Distribuidora_13,2020-06-30,5.165468966429708,8.577693979977376,0.8369409061447265
Distribuidora_13,2020-07-31,5.287884152345851,6.857945296195377,1.0322028761854944
Distribuidora_13,2020-08-31,7.0566455859349855,9.888411445978509,0.6506413104120663
Distribuidora_13,2020-09-30,5.181811619658399,6.653216033594957,1.1831116284370378
Distribuidora_13,2020-10-31,17.023056678244842,14.555343087531368,0.8414978307484537
Distribuidora_13,2020-11-30,6.6460429801625525,10.027554378710622,0.8180641341919725
Distribuidora_13,2020-12-31,17.665356241094237,5.07890838862669,0.8417687959152447
Distribuidora_13,2021-01-31,7.250729970409764,7.571435195790659,1.0161499541714596
Distribuidora_13,2021-02-28,12.140271940531498,8.134771136603462,0.7761333949990247
Distribuidora_13,2021-03-31,11.8917015260898,12.635181982207627,1.124459282258164
Distribuidora_13,2021-04-30,19.330020297558924,12.655937248808247,0.7207848270236089
Distribuidora_13,2021-05-31,15.322020591298132,8.81363436460931,0.6782694354322358
Distribuidora_13,2021-06-30,17.61307369138884,4.422689838585575,1.1312333944947963
Distribuidora_13,2021-07-31,11.922161969371013,11.009216244891086,0.9615477455440479
Distribuidora_13,2021-08-31,18.426766110598045,11.003366503839281,0.9297535093320433
Distribuidora_13,2021-09-30,5.999780608410349,9.702488241397244,0.6051183005719292
Distribuidora_13,2021-10-31,16.061506530822285,9.634441128939418,0.9761594454458473
Distribuidora_13,2021-11-30,5.625093509035764,4.932712176503835,1.0014263716438776
Distribuidora_13,2021-12-31,6.0812650399801,4.783824005417845,0.5084759326644213
Distribuidora_13,2022-01-31,18.380144925767592,11.506962356346621,0.7472759859514448
Distribuidora_13,2022-02-28,8.975632033349086,7.454398750844128,1.0422574718268272
Distribuidora_13,2022-03-31,14.174531207753406,5.73529368421504,0.6218765347338591
Distribuidora_13,2022-04-30,6.152138008415911,10.700163420878985,1.035060863555215
Distribuidora_13,2022-05-31,8.526911603631307,4.018874842773038,0.5575201672334992
Distribuidora_13,2022-06-30,18.542005496541684,6.887397924639042,1.0384562034866935
Distribuidora_13,2022-07-31,13.651455856173259,7.791269234372762,0.6439810835368885
Distribuidora_13,2022-08-31,6.479756458771541,10.226885516006156,1.0422436464464515
Distribuidora_13,2022-09-30,13.925635612961111,9.341657292453704,0.5293658564021454
Distribuidora_13,2022-10-31,18.55096508071997,12.146563302790303,0.7049754256906753
Distribuidora_13,2022-11-30,18.71457719336362,10.089662611699564,0.9076958607450725
Distribuidora_13,2022-12-31,15.410042806870832,12.282994285541937,0.9595350251320518
Distribuidora_13,2023-01-31,6.57536438571835,7.334895437642508,1.1496585482282349
Distribuidora_13,2023-02-28,7.95077246877489,7.6891453991020144,0.8024538180609372
Distribuidora_13,2023-03-31,11.011521103145943,10.20521863706779,1.1601530864212952
Distribuidora_13,2023-04-30,8.179871143613195,5.069689382344594,0.6382293429019561
Distribuidora_13,2023-05-31,17.38867982798209,10.548722992246901,0.7001347524674121
Distribuidora_13,2023-06-30,16.377243880302796,12.801316461997907,1.0925600370831945
Distribuidora_13,2023-07-31,17.844703104363653,6.4359186608116286,1.0285293501223949
Distribuidora_13,2023-08-31,11.312687836156496,12.598884877701144,1.0099434740131292
Distribuidora_13,2023-09-30,15.814376112621073,10.656891203767195,0.6242001386287948
Distribuidora_13,2023-10-31,12.51663359428137,14.08979877803111,1.1561716465479832
Distribuidora_13,2023-11-30,5.3652257351074155,5.522314824372617,0.5922101414181933
Distribuidora_13,2023-12-31,15.095213717290461,12.345856697005075,0.6494579564174703
Distribuidora_14,2020-01-31,12.587790394277434,13.2477333081232,1.0129610813363754
Distribuidora_14,2020-02-29,13.133558082377725,10.493824595046501,0.855852382841396
Distribuidora_14,2020-03-31,9.46322676978231,10.215241921449177,0.9822197114350635
Distribuidora_14,2020-04-30,18.099843737912117,10.99920489377173,1.0327850759302106
Distribuidora_14,2020-05-31,7.401074524318595,9.077132218617688,0.5065321338789653
Distribuidora_14,2020-06-30,8.700182967824345,11.991078866243054,1.1942669659445544
Distribuidora_14,2020-07-31,6.4876714938082385,8.41643747447417,1.0600496780894115
Distribuidora_14,2020-08-31,8.060534519433482,10.105934442325148,1.0131499072207724
Distribuidora_14,2020-09-30,14.239781753902685,6.068272080769578,0.7487691980800175
Distribuidora_14,2020-10-31,16.756876767280957,10.096491655452184,0.5036607294800389
Distribuidora_14,2020-11-30,16.414861400421408,4.38842490434263,1.0220136479118624
Distribuidora_14,2020-12-31,8.037208402478562,14.538808281313182,0.7575585259114591
Distribuidora_14,2021-01-31,9.903974245071186,5.637768553656891,0.7139229508431504
Distribuidora_14,2021-02-28,18.14976142742301,14.95967771389972,0.7578166713547938
Distribuidora_14,2021-03-31,11.729159464318139,11.942780320230106,1.120337046325552
Distribuidora_14,2021-04-30,13.895665012801762,8.306782679956122,0.7888352885940366
Distribuidora_14,2021-05-31,15.434272197452103,4.035400899647065,0.9337125362218884
Distribuidora_14,2021-06-30,10.332395156620361,12.736170644047927,0.5650934478761925
Distribuidora_14,2021-07-31,13.823034004225857,9.290701788747361,0.9496278681336592
Distribuidora_14,2021-08-31,5.9728039172445255,10.379821661709444,0.8930392115716665
Distribuidora_14,2021-09-30,13.409901416242564,10.638364332561004,0.9735275560584535
Distribuidora_14,2021-10-31,17.074834995211546,6.968027921410358,1.0775345871260433
Distribuidora_14,2021-11-30,12.473835233951805,4.847641070477643,0.5409856504707854
Distribuidora_14,2021-12-31,10.013574780440912,12.633866748226144,0.995376654318641
Distribuidora_14,2022-01-31,15.98776324658179,9.205461639814818,0.8081392985688434
Distribuidora_14,2022-02-28,6.851198505564547,7.229614275217306,0.8038135563217126
Distribuidora_14,2022-03-31,6.012556122934545,6.105394905832158,0.9187577058446171
Distribuidora_14,2022-04-30,15.233199377908457,14.232731494056322,1.1531793319404904
Distribuidora_14,2022-05-31,13.90655409337648,8.202042156923051,0.9453241552957629
Distribuidora_14,2022-06-30,15.945535557643307,5.036613195149397,0.7869334227874017
Distribuidora_14,2022-07-31,16.717182570307546,7.81105434770031,0.9003105898590306
Distribuidora_14,2022-08-31,13.125713392286324,5.727776845246531,0.7535648091566018
Distribuidora_14,2022-09-30,9.516785864572531,4.073755604160077,0.5169342347239487
Distribuidora_14,2022-10-31,16.60168287237977,6.6535899642158896,0.8626551363671708
Distribuidora_14,2022-11-30,9.006839423640017,13.630098111455307,0.6815077312060416
Distribuidora_14,2022-12-31,10.872609581529824,12.920031117564088,1.089353496754266
Distribuidora_14,2023-01-31,7.401945204309452,12.187622587365174,0.8207308207165248
Distribuidora_14,2023-02-28,11.63230642721631,5.194865711746612,0.5564210596299872
Distribuidora_14,2023-03-31,15.123135124376153,8.988019042112883,0.8057954918306256
Distribuidora_14,2023-04-30,15.145492258296652,11.799609794457096,0.6112357173685474
Distribuidora_14,2023-05-31,13.445708380056388,5.214450159801814,1.025962560220332
Distribuidora_14,2023-06-30,14.111610976806737,13.796622790322136,0.5482706114494948
Distribuidora_14,2023-07-31,5.563029776405374,6.748854930543941,0.6831939786151342
Distribuidora_14,2023-08-31,8.269447886775996,13.270360366444834,0.6746823398946542
Distribuidora_14,2023-09-30,8.62528359733299,11.735711842267719,0.8148178897153779
Distribuidora_14,2023-10-31,15.81812543661133,4.483076346547826,0.841299835571369
Distribuidora_14,2023-11-30,5.228993802611777,4.454725976108454,1.1345062173410876
Distribuidora_14,2023-12-31,6.73424653842573,9.363796129776018,0.7877669218204946
Distribuidora_15,2020-01-31,10.21014989388264,13.898166802559997,0.5152763777428426
Distribuidora_15,2020-02-29,14.956845292633837,14.597338776349055,0.8921177284232893
Distribuidora_15,2020-03-31,19.052336930496377,4.574836672146262,0.793155323351913
Distribuidora_15,2020-04-30,8.902366864430768,12.039030614788027,1.1869079633480726
Distribuidora_15,2020-05-31,8.847950936663718,11.195920616214819,0.6386683429318181
Distribuidora_15,2020-06-30,13.479953818574149,9.1032573535717,1.1804037307420758
Distribuidora_15,2020-07-31,14.127909090446998,7.844570092955006,0.5798670494215533
Distribuidora_15,2020-08-31,7.2687024310240185,6.478486229463586,0.6756766629382086
Distribuidora_15,2020-09-30,17.759240867617066,10.173450671107775,0.8663736379620565
Distribuidora_15,2020-10-31,6.721533078038262,13.461536626843785,1.0059700122459385
Distribuidora_15,2020-11-30,6.0150254285000235,11.786186069527457,0.8804767521398522
Distribuidora_15,2020-12-31,6.225880186201674,9.04130705681522,0.8392874009910329
Distribuidora_15,2021-01-31,7.486618102449136,14.402679617003106,1.0949827600364634
Distribuidora_15,2021-02-28,15.035335059936624,9.085251171006679,0.7882358791091559
Distribuidora_15,2021-03-31,14.764602007264312,9.99975056347596,0.5435911741173199
Distribuidora_15,2021-04-30,12.687539731554976,12.870439789561235,0.8214679143178707
Distribuidora_15,2021-05-31,5.7793486633140265,12.649060193224365,0.640954647495182
Distribuidora_15,2021-06-30,8.879312523320582,5.811769887755255,0.7311505454100482
Distribuidora_15,2021-07-31,16.351272585329525,9.713244454543311,0.6434168919054988
Distribuidora_15,2021-08-31,18.167451172280614,13.67540040446682,1.1094048975322048
Distribuidora_15,2021-09-30,8.58194317072309,8.96363278599087,1.1894927592986124
Distribuidora_15,2021-10-31,16.580187144649855,4.298841633481158,0.5456432138823444
Distribuidora_15,2021-11-30,11.958970652184991,14.001422264477162,0.8770912585669
Distribuidora_15,2021-12-31,12.467187620514354,5.160210699522937,0.9597460733070058
Distribuidora_15,2022-01-31,16.464970038553215,7.775389078454026,1.0429282956477293
Distribuidora_15,2022-02-28,18.493792318086566,5.929359497884351,0.8663307418363189
Distribuidora_15,2022-03-31,8.8417159027052,12.085328678903622,0.9043153561168102
Distribuidora_15,2022-04-30,13.792799450091827,12.138202967986093,0.7771793308637184
Distribuidora_15,2022-05-31,17.790033474800364,9.370151662722161,0.6105683759847436
Distribuidora_15,2022-06-30,14.666562433905435,12.089581112079758,0.7217331739472687
Distribuidora_15,2022-07-31,16.96480441223223,13.269197012302259,0.6938331411644663
Distribuidora_15,2022-08-31,18.76518098619191,5.270435468109525,0.641410967881743
Distribuidora_15,2022-09-30,7.375203959141872,13.142192469582247,0.9580047866274732
Distribuidora_15,2022-10-31,6.917486035917388,8.401379721949246,0.9307086175488615
Distribuidora_15,2022-11-30,5.939363211098711,13.021251049856689,1.0625224748090747
Distribuidora_15,2022-12-31,11.949196523467094,13.90647312945833,0.7924326854925698
Distribuidora_15,2023-01-31,18.773572046270093,10.779763987497903,0.944269891277759
Distribuidora_15,2023-02-28,7.114857257964935,13.016145074283529,0.7992427815444305
Distribuidora_15,2023-03-31,7.06182603240033,3.931748583746682,0.8918289785468678
Distribuidora_15,2023-04-30,12.265444615248137,11.317245353757706,1.1231806371124615
Distribuidora_15,2023-05-31,5.88154383116317,11.444138324056786,0.6311883608683075
Distribuidora_15,2023-06-30,16.979023007489587,12.359213719854306,0.878555628489881
Distribuidora_15,2023-07-31,14.870959880382188,7.0849586827701705,0.8298175292529701
Distribuidora_15,2023-08-31,16.45832579237422,8.599321310460086,0.7504587857278092
Distribuidora_15,2023-09-30,11.792527373316773,12.455204687968932,0.734645633159611
Distribuidora_15,2023-10-31,7.226102702184349,11.24054651245666,1.0781847488956573
Distribuidora_15,2023-11-30,6.18408406896035,6.306684478299622,0.5993803928326957
Distribuidora_15,2023-12-31,9.708165115045874,8.506167729561563,1.0241784358743145
Distribuidora_16,2020-01-31,14.767213773225112,10.830214242262743,0.7466624626267581
Distribuidora_16,2020-02-29,17.6217132962714,9.18415884137981,1.1853734566106082
Distribuidora_16,2020-03-31,14.512132074436053,5.38891215720953,0.9733242934528037
Distribuidora_16,2020-04-30,9.876560231475484,11.549599163547072,0.5487488037136841
Distribuidora_16,2020-05-31,7.623221557639391,13.41310984796365,0.6590256899164604
Distribuidora_16,2020-06-30,17.555616878644102,7.072036972998514,0.9500173370410954
Distribuidora_16,2020-07-31,15.412258602647466,9.639202284595582,0.7137174736877119
Distribuidora_16,2020-08-31,8.189665645566443,4.365082900186689,0.7127624808685067
Distribuidora_16,2020-09-30,14.797441857969245,14.321353002933309,1.1098431375841362
Distribuidora_16,2020-10-31,16.49097164802954,12.672920775786286,0.9654894324331966
Distribuidora_16,2020-11-30,8.904302863490045,13.979145337764129,0.9695126183340839
Distribuidora_16,2020-12-31,13.4066094647066,5.220884161348292,0.8129388806644977
Distribuidora_16,2021-01-31,11.905374068028895,13.51019970474937,0.8826537541314519
Distribuidora_16,2021-02-28,10.706008234556144,14.744803613617252,0.577504415328421
Distribuidora_16,2021-03-31,11.338226424679169,4.462271426885458,1.0179328845368514
Distribuidora_16,2021-04-30,18.77114828298726,7.080410625055384,1.1008391737593846
Distribuidora_16,2021-05-31,9.383273456928467,14.018471778083068,1.0277733325177487
Distribuidora_16,2021-06-30,17.07360165262158,4.198072111605,1.1739672499518181
Distribuidora_16,2021-07-31,15.900064881054849,7.352262049247466,1.0805762654011928
Distribuidora_16,2021-08-31,9.222817976223949,13.600292235227407,0.5788062732883559
Distribuidora_16,2021-09-30,15.555289661911937,9.947683243094014,0.5675741291368086
Distribuidora_16,2021-10-31,8.628407423882585,4.136444399050463,0.8281375758251541
Distribuidora_16,2021-11-30,9.518978911400005,10.581932327275346,0.708066465396032
Distribuidora_16,2021-12-31,9.49878667260477,12.175125186047637,0.5336999851848474
Distribuidora_16,2022-01-31,17.616253681485816,12.706157487387847,0.9674632782584845
Distribuidora_16,2022-02-28,13.203407374030226,13.124561105559366,0.6297311256701001
Distribuidora_16,2022-03-31,5.875310561219307,6.302881275554673,1.056204795090133
Distribuidora_16,2022-04-30,5.244051300852387,9.890331426622465,1.1968062613339168
Distribuidora_16,2022-05-31,16.943669337184936,9.249107450505509,0.5445486365006497
Distribuidora_16,2022-06-30,16.59707257999636,10.05932541045185,0.5804530979416967
Distribuidora_16,2022-07-31,6.087466308732826,13.30560026311239,0.9684401840566549
Distribuidora_16,2022-08-31,16.567336890263768,12.985329507949693,0.9002406464338255
Distribuidora_16,2022-09-30,12.123610512509336,8.297966437854347,0.7218626114537835
Distribuidora_16,2022-10-31,10.942992442236642,11.887042402380134,0.9213464017105921
Distribuidora_16,2022-11-30,17.468456881856557,8.433321150262511,0.9249627051031277
Distribuidora_16,2022-12-31,13.746132631560839,9.983235346101102,0.9918436411598615
Distribuidora_16,2023-01-31,8.133426924340988,9.154201475353513,0.5729573619658433
Distribuidora_16,2023-02-28,10.229286418938578,8.896120867092213,0.9565569816818307
Distribuidora_16,2023-03-31,18.295067499353397,10.076803645430319,1.020515741323592
Distribuidora_16,2023-04-30,11.96429134780664,10.426387127882661,0.5496525512936414
Distribuidora_16,2023-05-31,8.375080026996319,7.581364823993699,0.8307453485045595
Distribuidora_16,2023-06-30,5.400494623408968,5.26325181943217,0.693770015453914
Distribuidora_16,2023-07-31,18.59434084533997,7.26257622422688,0.8374287406784577
Distribuidora_16,2023-08-31,7.544392406522099,10.182651742741777,0.696478250861182
Distribuidora_16,2023-09-30,7.69964424274758,9.198183967260482,0.5038540594122946
Distribuidora_16,2023-10-31,4.859212465251461,6.089269055114413,0.5257049537505748
Distribuidora_16,2023-11-30,6.289366996362351,7.341093785589954,1.061809975705869
Distribuidora_16,2023-12-31,12.901693168012535,9.15737773624455,0.7054421762456852
Distribuidora_17,2020-01-31,18.976305791492244,8.367165453609108,0.5609649367570401
Distribuidora_17,2020-02-29,14.255997741767018,5.252222328242615,0.7416561999611845
Distribuidora_17,2020-03-31,12.611179080767133,13.616447771536933,0.845482606238083
Distribuidora_17,2020-04-30,15.533881490474965,14.920985228989775,0.5920423839285871
Distribuidora_17,2020-05-31,9.120972882792792,8.34033683157411,0.7952797249771819
Distribuidora_17,2020-06-30,11.165316128983186,13.983721028122105,0.9998228511267995
Distribuidora_17,2020-07-31,14.118578211360557,7.403099896490603,1.0766532689549062
Distribuidora_17,2020-08-31,19.325907672274834,13.033181108052492,0.501095573634031
Distribuidora_17,2020-09-30,14.546020552751106,4.562489195863108,0.6803250542336052
Distribuidora_17,2020-10-31,5.8928705052165755,10.641749982443265,0.9806129394448246
Distribuidora_17,2020-11-30,6.717314570988577,8.222227713494775,0.8193655562688794
Distribuidora_17,2020-12-31,10.535795326413748,5.331275005337123,0.7932634531312328
Distribuidora_17,2021-01-31,16.267670717126272,4.78108430986581,0.5561260098573324
Distribuidora_17,2021-02-28,10.321569377539763,14.358982827808175,0.9680008527060397
Distribuidora_17,2021-03-31,15.180049350088472,7.981119899216514,0.9155625538459768
Distribuidora_17,2021-04-30,5.1519677604161505,10.997056510504965,1.1393008633033657
Distribuidora_17,2021-05-31,14.188602025172287,13.610684528129795,1.0067811388262657
Distribuidora_17,2021-06-30,6.808376246055354,13.926986380144259,0.5465106910490424
Distribuidora_17,2021-07-31,13.009512088216457,5.563508361728035,0.5081946275116328
Distribuidora_17,2021-08-31,11.330513901914586,7.2454477841957186,0.840200345658322
Distribuidora_17,2021-09-30,13.657998301018262,4.481129795398421,0.586102306586622
Distribuidora_17,2021-10-31,13.37963594675638,7.77484088489924,1.0104214412846135
Distribuidora_17,2021-11-30,14.784374728879095,13.301647992888975,0.9847449786684577
Distribuidora_17,2021-12-31,11.448966160852223,11.402632846338756,0.692766821978793
Distribuidora_17,2022-01-31,9.11496735758953,12.04489492117229,0.8124936614811076
Distribuidora_17,2022-02-28,16.12691985238652,12.394313804833509,1.1002936363628986
Distribuidora_17,2022-03-31,17.812052110737206,8.303795554363946,0.7232067728247972
Distribuidora_17,2022-04-30,13.046332138966122,7.678751824923209,0.920751916760163
Distribuidora_17,2022-05-31,14.804598542674501,10.993832443242828,0.7621870209140849
Distribuidora_17,2022-06-30,7.127757874207227,8.299031586930068,0.599815900857336
Distribuidora_17,2022-07-31,17.433882751369268,7.414419464710609,0.6081218230563267
Distribuidora_17,2022-08-31,5.11263057865695,10.54884393669376,0.9458316222183203
Distribuidora_17,2022-09-30,9.603609373783407,4.5493892384579535,0.7867402264266624
Distribuidora_17,2022-10-31,9.184849304653358,10.875910685230847,0.9240454746168832
Distribuidora_17,2022-11-30,9.945460626814944,6.076977191964646,1.1916251763089143
Distribuidora_17,2022-12-31,11.219523102044636,10.992465763903477,0.5983870773048525
Distribuidora_17,2023-01-31,11.669653220146419,4.087758722635915,0.853818582537315
Distribuidora_17,2023-02-28,18.487248051427258,7.814960150701612,0.5272972088024381
Distribuidora_17,2023-03-31,5.1911200206006445,7.854461641444787,0.6120174555242358
Distribuidora_17,2023-04-30,5.082767372676649,11.702432265779349,0.8209661062173235
Distribuidora_17,2023-05-31,8.871738000610327,13.205869262522224,0.581297272140368
Distribuidora_17,2023-06-30,18.371843312613297,7.080952196593337,1.1218825706160769
Distribuidora_17,2023-07-31,13.341935989832326,12.439091909298543,1.188809214247325
Distribuidora_17,2023-08-31,8.859777488917127,13.843865822509345,0.7726373264316942
Distribuidora_17,2023-09-30,10.243544642501144,7.357045239459585,0.8789853251433096
Distribuidora_17,2023-10-31,6.94656686529344,9.586285021991216,0.8791933686870028
Distribuidora_17,2023-11-30,15.607100829619398,12.511642102247768,0.8083089452186968
Distribuidora_17,2023-12-31,9.058248803258786,6.510049676963638,0.6362366856934103
Distribuidora_18,2020-01-31,5.864713732985373,7.766927767181847,0.6891733844915483
Distribuidora_18,2020-02-29,19.49626078799611,10.134797088750483,0.7430939273213553
Distribuidora_18,2020-03-31,13.70701401490544,5.53116371480265,0.810830624441542
Distribuidora_18,2020-04-30,14.393514821315957,9.377876149716965,0.7812451604580269
Distribuidora_18,2020-05-31,19.907725833495473,13.683462383638197,0.9363841707116081
Distribuidora_18,2020-06-30,13.540660417734241,10.827265278070424,0.6409184754757032
Distribuidora_18,2020-07-31,10.92706614896478,4.4340548617998925,0.8328822262407787
Distribuidora_18,2020-08-31,13.145368759364947,6.505247097135305,1.1748201930158597
Distribuidora_18,2020-09-30,18.64181916405863,11.943575590014964,0.8733706401357537
Distribuidora_18,2020-10-31,18.049537394715273,5.437175782058092,1.0533568559924196
Distribuidora_18,2020-11-30,6.8723122095027245,12.736317288043459,0.6930372977759498
Distribuidora_18,2020-12-31,18.156358715272834,14.384463032079376,0.604157178583581
Distribuidora_18,2021-01-31,11.940134075980904,14.790861159789536,0.8383852051812026
Distribuidora_18,2021-02-28,17.953212837718176,10.476046743444519,0.7627309355437213
Distribuidora_18,2021-03-31,9.286753332888054,6.23545400194696,1.033258733964388
Distribuidora_18,2021-04-30,10.798107602345418,9.624030084208263,0.8446278360008272
Distribuidora_18,2021-05-31,13.65918543849697,13.521348601870075,1.1865175405084005
Distribuidora_18,2021-06-30,11.113763128607253,13.102708143169334,1.0351694562583025
Distribuidora_18,2021-07-31,13.602934271833599,14.516518579731263,0.640332160869882
Distribuidora_18,2021-08-31,6.638963154644321,13.393581636509644,0.8074048716436237
Distribuidora_18,2021-09-30,17.704532813105907,13.823992257149564,0.54372031553335
Distribuidora_18,2021-10-31,18.25197144479091,8.931509609063644,0.8573027423029626
Distribuidora_18,2021-11-30,14.398887666398153,14.190208674030954,0.5133812661008348
Distribuidora_18,2021-12-31,12.152652024767256,11.564942466736166,1.0058948703887598
Distribuidora_18,2022-01-31,14.618587149403787,5.204847102314874,0.7095769118601769
Distribuidora_18,2022-02-28,9.861696237192442,12.206368820250827,0.6951319106901871
Distribuidora_18,2022-03-31,7.752545735107645,13.805331798948105,0.5062042995794283
Distribuidora_18,2022-04-30,18.96894719346819,10.872782573059784,1.079928509614382
Distribuidora_18,2022-05-31,8.948326397933252,3.9495946516207763,1.016508662993071
Distribuidora_18,2022-06-30,16.636560507259627,11.537975578914274,0.599995201110587
Distribuidora_18,2022-07-31,15.486347892161806,11.835243073024847,0.9609783609690383
Distribuidora_18,2022-08-31,15.667152042337102,12.639879044632302,0.9295228799662208
Distribuidora_18,2022-09-30,6.012617174067926,8.895710611022352,0.5543545342701235
Distribuidora_18,2022-10-31,10.557488192212139,8.05426281136281,0.5462068908981691
Distribuidora_18,2022-11-30,9.72069260906508,4.95993013236924,1.0657646470064555
Distribuidora_18,2022-12-31,18.254554369993706,4.555707166445458,1.168580645104191
Distribuidora_18,2023-01-31,12.196716540548616,6.930461334617982,0.5538034526933144
Distribuidora_18,2023-02-28,11.883895820003454,12.102687439928323,0.9949605340866887
Distribuidora_18,2023-03-31,5.465720663361625,4.561824179594592,0.782011297842846
Distribuidora_18,2023-04-30,8.95788954018319,6.2284161759357,0.6967031492360996
Distribuidora_18,2023-05-31,16.199629091980604,13.510433160452873,0.7835718861692964
Distribuidora_18,2023-06-30,17.66208178038808,7.159630078040366,0.833505890440654
Distribuidora_18,2023-07-31,7.970913218877995,10.49297464073757,1.1852867806223661
Distribuidora_18,2023-08-31,13.349776618618145,7.539157178986585,0.9534722121933699
Distribuidora_18,2023-09-30,6.501619668131773,13.086487388773415,0.8521587655458854
Distribuidora_18,2023-10-31,11.153233824064898,9.922287039339276,0.9373487039525816
Distribuidora_18,2023-11-30,5.772805238727811,10.933349961784554,0.6693521762208707
Distribuidora_18,2023-12-31,14.923825013218904,12.395488601314856,1.0627709552867641
Distribuidora_19,2020-01-31,13.287514511118337,9.721868815418263,0.6000131729375882
Distribuidora_19,2020-02-29,16.63019225604703,6.985503184913858,0.8476867959725626
Distribuidora_19,2020-03-31,9.264111393912751,5.472111992996624,0.9406903878242155
Distribuidora_19,2020-04-30,5.814980522343557,12.235097575388199,0.7223107566827817
Distribuidora_19,2020-05-31,5.00202039506728,9.622420531609528,0.5327963359693222
Distribuidora_19,2020-06-30,9.142543367313493,11.776741362012878,0.5438827351353062
Distribuidora_19,2020-07-31,17.590077385340035,4.042019149244414,0.6727767084413315
Distribuidora_19,2020-08-31,16.11356084228107,7.478971647022375,0.5713246716462095
Distribuidora_19,2020-09-30,10.40350878200642,6.974326150229781,1.0898983315123885
Distribuidora_19,2020-10-31,9.700218763777148,12.67825718953608,1.1243105013675143
Distribuidora_19,2020-11-30,11.507261293647943,14.009374582398312,0.764122637774235
Distribuidora_19,2020-12-31,19.461176247351624,4.982184769781302,0.98091348655227
Distribuidora_19,2021-01-31,12.40721060685393,8.264136860012117,0.9428983151240207
Distribuidora_19,2021-02-28,15.557856374514968,4.0479959661534,0.616867162123039
Distribuidora_19,2021-03-31,15.69569075951478,11.330239549360272,1.1762332535900741
Distribuidora_19,2021-04-30,16.415566853761746,14.458499785044719,0.9917783510743649
Distribuidora_19,2021-05-31,9.470783129591648,5.159014144759421,1.047276704341455
Distribuidora_19,2021-06-30,14.66223832213874,4.530046136326258,0.7520353261306848
Distribuidora_19,2021-07-31,19.351997232264292,9.504412602812213,0.8029103952137933
Distribuidora_19,2021-08-31,11.86549407738941,6.297709964056801,0.7580950196053566
Distribuidora_19,2021-09-30,10.547198839807649,4.575905222062197,1.0372973399625427
Distribuidora_19,2021-10-31,11.247566478558184,13.043978754980657,1.0952436007839266
Distribuidora_19,2021-11-30,8.179910820479872,11.230888303871414,0.8305972629140872
Distribuidora_19,2021-12-31,18.202351068822274,6.373147470940996,0.974469240217031
Distribuidora_19,2022-01-31,13.410467742101295,6.885900440625652,0.5956206325558209
Distribuidora_19,2022-02-28,14.03586658680119,11.518343437482855,0.7209391406343449
Distribuidora_19,2022-03-31,13.93886460731797,7.92911798454021,0.9992448182978324
Distribuidora_19,2022-04-30,7.5888176672402565,13.10274677754802,0.7011867175259058
Distribuidora_19,2022-05-31,9.990950325525178,4.407060899239655,0.5780585486248935
Distribuidora_19,2022-06-30,12.101032113650676,6.596343471807302,1.084836158019536
Distribuidora_19,2022-07-31,4.959380788333092,7.761532808621733,0.7361418827383649
Distribuidora_19,2022-08-31,5.025418740575814,5.099649769555332,0.7895498724430446
Distribuidora_19,2022-09-30,11.773320328376114,8.024827858813381,0.8716563748884656
Distribuidora_19,2022-10-31,13.23062636740596,3.9037039307858823,0.8248666116174527
Distribuidora_19,2022-11-30,18.479864182648132,9.223887327353784,0.9742795872212672
Distribuidora_19,2022-12-31,9.194059975315586,11.888209901696367,1.0410450373132805
Distribuidora_19,2023-01-31,12.17846867907148,13.999344453267781,0.5878851503338574
Distribuidora_19,2023-02-28,4.991504224676529,11.848153312861651,1.0650088761554177
Distribuidora_19,2023-03-31,6.462953014968211,6.575340604417433,0.5122866543566402
Distribuidora_19,2023-04-30,8.929647703623047,11.879332582450116,0.8625723693988052
Distribuidora_19,2023-05-31,9.710362202648104,7.684675631771151,0.5009475380008277
Distribuidora_19,2023-06-30,9.02215751780461,10.555493850116372,1.18193611067145
Distribuidora_19,2023-07-31,16.820616784520567,4.046567380545779,1.1289924232723876
Distribuidora_19,2023-08-31,15.910577389505418,11.954930491316745,0.8205970313025
Distribuidora_19,2023-09-30,10.421575424601665,6.965469366306862,0.5459864012680561
Distribuidora_19,2023-10-31,8.002353929785212,6.377007985520357,0.8388539487971411
Distribuidora_19,2023-11-30,15.401082794002889,8.75131270675854,0.5404911146130125
Distribuidora_19,2023-12-31,18.398504664081905,13.651469134533473,1.0496326802038858
Distribuidora_20,2020-01-31,19.86991852346331,9.989305660802891,1.1739378451772442
Distribuidora_20,2020-02-29,6.134075609251262,8.022488230875084,0.657766887604736
Distribuidora_20,2020-03-31,7.937496262014051,5.548832437819437,0.9356895490961976
Distribuidora_20,2020-04-30,16.719827836209575,10.361282393623966,0.6028738967117467
Distribuidora_20,2020-05-31,17.166856549002063,10.995501778801014,0.7717159942888969
Distribuidora_20,2020-06-30,15.111954433040944,6.858954771671161,0.7416345459459474
Distribuidora_20,2020-07-31,18.762287646979853,7.195549562385624,0.8289917877105556
Distribuidora_20,2020-08-31,18.35211706094022,11.784934852942802,0.5435422583152919
Distribuidora_20,2020-09-30,7.209545664184555,4.086257498491085,0.9416452531604144
Distribuidora_20,2020-10-31,11.715101381156275,5.477023359925031,1.1705538847397392
Distribuidora_20,2020-11-30,12.9448958591843,6.660826235241781,0.8504224998082952
Distribuidora_20,2020-12-31,15.194304991026616,4.838631397709209,0.6922926705335244
Distribuidora_20,2021-01-31,17.104482363259905,9.056313574429273,0.8826039994226065
Distribuidora_20,2021-02-28,11.49224003314204,4.482899369073056,0.6160248458741091
Distribuidora_20,2021-03-31,11.683124581128364,6.301040119487206,0.5349853200617751
Distribuidora_20,2021-04-30,17.654744960777357,14.793117820805273,1.0552000117977176
Distribuidora_20,2021-05-31,17.806773825570005,6.6617484334874995,1.1724388828592398
Distribuidora_20,2021-06-30,7.953885566801426,14.465727913980155,1.1963735057761657
Distribuidora_20,2021-07-31,15.67584208619073,14.79258104971004,0.8986778456969726
Distribuidora_20,2021-08-31,8.893126747641356,8.80695474232183,0.9154926547651501
Distribuidora_20,2021-09-30,6.0962234304052245,10.845775910789708,1.186824485733606
Distribuidora_20,2021-10-31,7.8516147467559145,12.718546279172216,1.1355291556457336
Distribuidora_20,2021-11-30,19.155523892303314,14.561491648459919,0.8650217471050303
Distribuidora_20,2021-12-31,19.659618619872553,12.330412278478828,0.6131700053658733
Distribuidora_20,2022-01-31,11.545826517168571,11.306560782637442,0.6731382210733583
Distribuidora_20,2022-02-28,13.878766365571645,10.76597500603717,0.6138898206659961
Distribuidora_20,2022-03-31,12.802465702451777,11.86350121972645,0.8492269651751594
Distribuidora_20,2022-04-30,4.92246941405953,3.894452001878603,0.7499205407790085
Distribuidora_20,2022-05-31,17.948265475152894,6.189672346857711,0.9440545822101809
Distribuidora_20,2022-06-30,7.914581157379818,7.161451391942283,1.0936294627210388
Distribuidora_20,2022-07-31,15.136275552346742,4.79692244792305,0.8000914146905035
Distribuidora_20,2022-08-31,5.165669131945018,8.825302032001444,0.9637038081907476
Distribuidora_20,2022-09-30,6.438662386273659,6.818847611600781,0.7784856378515098
Distribuidora_20,2022-10-31,17.853317101348708,14.179514911169973,0.5314379092969311
Distribuidora_20,2022-11-30,15.594362909809334,7.6845164939044865,0.774720730360636
Distribuidora_20,2022-12-31,15.498275870195073,13.397556215919519,1.1656500161517838
Distribuidora_20,2023-01-31,12.97399685104607,7.5319161146902545,1.0512843601011455
Distribuidora_20,2023-02-28,8.326769711487778,9.69457360131026,0.7510049230674112
Distribuidora_20,2023-03-31,14.106992800337233,6.312168639737147,0.6341150620143781
Distribuidora_20,2023-04-30,17.834906985124977,4.86384848682266,0.8541705354144522
Distribuidora_20,2023-05-31,7.897152157222877,4.206818116753224,0.5252131728039985
Distribuidora_20,2023-06-30,7.24691025250804,12.8577502045877,0.6977351207839186
Distribuidora_20,2023-07-31,18.294043180697965,9.877952961737073,0.8056299328381362
Distribuidora_20,2023-08-31,13.016265894039726,9.199498125614497,1.0311433776301275
Distribuidora_20,2023-09-30,8.775568940113144,7.489376592223159,1.1258660117732755
Distribuidora_20,2023-10-31,18.237005312393276,13.127233477233657,0.7936135957701195
Distribuidora_20,2023-11-30,15.870208417848062,8.77770841299648,0.8482778965022715
Distribuidora_20,2023-12-31,7.666691554066296,9.977311669051495,0.6302951284273436
